{"cameraMode":{"drawMode":0,"name":"Shaded","section":"Shading Mode"},"sceneLighting":true,"audioPlay":false,"sceneViewState":{"showFog":true,"showMaterialUpdate":false,"showSkybox":true,"showFlares":true,"showImageEffects":true,"showParticleSystems":true},"in2DMode":false,"pivot":{"x":4.3342390060424809,"y":8.093122482299805,"z":1.1598320007324219},"rotation":{"x":-0.08328641951084137,"y":-0.873658299446106,"z":0.16114123165607453,"w":-0.451524943113327},"size":11.267769813537598,"orthographic":false}